variable,n,jb_stat,jb_pvalue,lb5_stat,lb5_pvalue,lb12_stat,lb12_pvalue,lb22_stat,lb22_pvalue,adf_stat,adf_pvalue
log_rv,180,31.941568685665498,1.1587146241662917e-07,298.00017247030905,2.6952126142962815e-62,477.4233976106307,1.406590096284148e-94,596.0331214575232,5.894732076284045e-112,-3.225253390486438,0.018568665493134403
NPI,180,1367.5564507750987,1.0936789883909413e-297,52.95445912492735,3.4365424026303833e-10,63.88360887388465,4.381750790914222e-09,68.07516689411833,1.3238335005368051e-06,-2.7964149481113334,0.05878769482501494
ANP,180,7840.199160686965,0.0,44.945641123876996,1.4882686079018755e-08,68.09777209141292,7.255725688961505e-10,80.56983813554324,1.305298353012652e-08,-8.035629332221651,1.9061786623429075e-12
SNP,180,2732.609363253336,0.0,53.24768804605604,2.991660918051574e-10,71.9757645957616,1.3649642490943248e-10,76.20875905852567,6.7398910567289e-08,-7.9431045850127555,3.2737184378000507e-12
NPI2,180,215.44942025738925,1.6434361149508894e-47,86.25067795553312,4.1151167596587143e-17,100.16562947030404,5.166919861395836e-16,104.85160085579498,9.059169358880248e-13,-3.9084134964327246,0.0019737935454101126
