lag,bic,aic,error
1,362.92866165391337,353.3665042363911,
2,357.4770682720845,344.7499340709162,
3,355.72000227445193,339.83925361158276,
4,359.9714795533864,340.9485755831575,
5,363.3180001086814,341.16449829121683,
6,366.9789340437042,341.706491649988,
7,369.71148093094655,341.33185658046654,
8,372.1040375386146,340.62909277048004,
9,369.47303618191427,334.914737060385,
10,371.4887656646134,333.85918442001025,
11,375.5331395198044,334.84445622580444,
12,375.20921206227086,331.47371635062524,
