feature,selection_frequency
log_rv_lag1,1.0
SNP_lag1,0.8783783783783784
NPI2_lag1,0.5675675675675675
