model,log_MSE,log_MAPE,n_eval
MLR,0.5577893298103218,10.923783394766366,74
LASSO,0.559923410341878,10.866861180259166,74
SVR,0.5920952026047326,11.06852022413495,74
XGBoost,0.594654492280416,11.111418162223927,74
LSTM,,,0
MeanComb,0.5620673408609042,10.86653084402646,74
MedianComb,0.5598496777016425,10.83209389601179,74
TrimmedMeanComb,0.5598496777016425,10.83209389601179,74
DMSPE_1.0,0.5626141649261651,10.875603540656705,74
DMSPE_0.9,0.5628773742232845,10.872417459716957,74
