model,log_MSE,log_MAPE,n_eval
MLR,0.5567558739504631,10.747627219771786,75
LASSO,0.5565621536292851,10.73658297261102,75
SVR,0.5826067527868309,10.957826284785645,75
XGBoost,0.5733903421284614,10.684397936730925,75
LSTM,,,0
MeanComb,0.5598658331049461,10.681715901647728,75
MedianComb,0.5590282259349717,10.721899792543546,75
TrimmedMeanComb,0.5590282259349717,10.721899792543546,75
DMSPE_1.0,0.5599192165300938,10.681487833695357,75
DMSPE_0.9,0.5602910813437538,10.685322551189536,75
